Comment,Designator,Package,Quantity,LCSC Part #
,,,,
1uH,L1,1008,1,
0.1uF,"C2, C8, C9, C12, C14, C16, C22, C27",0603,8,
1k,"R19, R20",0603,2,
1uF,"C19, C20, C23",0603,3,
2.2uF,"C18, C25",0603,2,
4.7k,"R11, R15, R27, R28",0603,4,
10,R8,0603,1,
10k,"R2, R3, R5, R7, R12, R13, R14, R17, R18, R21, R22, R23, R26",0603,13,
10uF,"C1, C3, C7, C10, C11, C13, C15, C21, C26",0603,9,
15pF,"C17, C24",0603,2,
15uH,L2,0603,1,
100,R6,0603,1,
100k,"R4, R29",0603,2,
132k,R9,0603,1,
142k,R24,0603,1,
150,"R10, R16",0603,2,
330k,R30,0603,1,
600k,R25,0603,1,
806k,R1,0603,1,
22uF,"C4, C5, C6",0805,3,
22uH,"L3, L4",0805,2,
ADG1636,ADG1,ADG1636,1,
DRV2605L,DRV1,DRV2605L,1,
LT3461,LT1,LT3461/3462,1,
LT3462,LT2,LT3461/3462,1,
MCP4725,MCP1,MCP4725,1,
nRF52840,nRF1,nRF52840,1,
OPA2192,OPA1,OPA2192,1,
OPA4192,OPA2,OPA4192,1,
Switch,Switch1,Switch,1,
TPS61022,TPS1,TPS61022,1,
